DRMs,Cons,Pos,Mut
M41L,M,41,L
A62V,A,62,V
K65E,K,65,E
K65N,K,65,N
K65R,K,65,R
D67E,D,67,E
D67G,D,67,G
D67H,D,67,H
D67N,D,67,N
D67S,D,67,S
D67T,D,67,T
D67d,D,67,d
S68d,S,68,d
T69G,T,69,G
T69i,T,69,i
T69d,T,69,d
K70E,K,70,E
K70G,K,70,G
K70N,K,70,N
K70Q,K,70,Q
K70R,K,70,R
K70S,K,70,S
K70T,K,70,T
K70d,K,70,d
L74I,L,74,I
L74V,L,74,V
V75I,V,75,I
F77L,F,77,L
Y115F,Y,115,F
F116Y,F,116,Y
Q151L,Q,151,L
Q151M,Q,151,M
M184I,M,184,I
M184V,M,184,V
L210W,L,210,W
T215F,T,215,F
T215I,T,215,I
T215V,T,215,V
T215Y,T,215,Y
K219E,K,219,E
K219N,K,219,N
K219Q,K,219,Q
K219R,K,219,R
K219W,K,219,W
V75M,V,75,M
V75A,V,75,A
V75S,V,75,S
V75T,V,75,T
T215A,T,215,A
T215C,T,215,C
T215D,T,215,D
T215E,T,215,E
T215L,T,215,L
T215N,T,215,N
T215S,T,215,S